Workbook

Sheet 1) iris
A1: sepal_length | B1: sepal_width | C1: petal_length | D1: petal_width | E1: species | F1: sepal_length_normalized | G1: sepal_width_normalized | H1: petal_length_normalized | I1: petal_width_normalized
A2: 5.1 | B2: 3.5 | C2: 1.4 | D2: 0.2 | E2: setosa | F2: =(A2-MIN($A$2:$A$148))/(MAX($A$2:$A$148)-MIN($A$2:$A$148)) -> 0.22222222 | G2: =(B2-MIN($B$2:$B$148))/(MAX($B$2:$B$148)-MIN($B$2:$B$148)) -> 0.625 | H2: =(C2-MIN($C$2:C$148))/(MAX($C$2:$C$148)-MIN($C$2:$C$148)) -> 0.06779661 | I2: =(D2-MIN($D$2:D$148))/(MAX($D$2:$D$148)-MIN($D$2:$D$148)) -> 0.041666667
A3: 4.9 | B3: 3 | C3: 1.4 | D3: 0.2 | E3: setosa | F3: =(A3-MIN($A$2:$A$148))/(MAX($A$2:$A$148)-MIN($A$2:$A$148)) -> 0.16666667 | G3: =(B3-MIN($B$2:$B$148))/(MAX($B$2:$B$148)-MIN($B$2:$B$148)) -> 0.41666667 | H3: =(C3-MIN($C$2:C$148))/(MAX($C$2:$C$148)-MIN($C$2:$C$148)) -> 0.06779661 | I3: =(D3-MIN($D$2:D$148))/(MAX($D$2:$D$148)-MIN($D$2:$D$148)) -> 0.041666667
A4: 4.7 | B4: 3.2 | C4: 1.3 | D4: 0.2 | E4: setosa | F4: =(A4-MIN($A$2:$A$148))/(MAX($A$2:$A$148)-MIN($A$2:$A$148)) -> 0.11111111 | G4: =(B4-MIN($B$2:$B$148))/(MAX($B$2:$B$148)-MIN($B$2:$B$148)) -> 0.5 | H4: =(C4-MIN($C$2:C$148))/(MAX($C$2:$C$148)-MIN($C$2:$C$148)) -> 0.050847458 | I4: =(D4-MIN($D$2:D$148))/(MAX($D$2:$D$148)-MIN($D$2:$D$148)) -> 0.041666667
A5: 4.6 | B5: 3.1 | C5: 1.5 | D5: 0.2 | E5: setosa | F5: =(A5-MIN($A$2:$A$148))/(MAX($A$2:$A$148)-MIN($A$2:$A$148)) -> 0.083333333 | G5: =(B5-MIN($B$2:$B$148))/(MAX($B$2:$B$148)-MIN($B$2:$B$148)) -> 0.45833333 | H5: =(C5-MIN($C$2:C$148))/(MAX($C$2:$C$148)-MIN($C$2:$C$148)) -> 0.084745763 | I5: =(D5-MIN($D$2:D$148))/(MAX($D$2:$D$148)-MIN($D$2:$D$148)) -> 0.041666667
A6: 5 | B6: 3.6 | C6: 1.4 | D6: 0.2 | E6: setosa | F6: =(A6-MIN($A$2:$A$148))/(MAX($A$2:$A$148)-MIN($A$2:$A$148)) -> 0.19444444 | G6: =(B6-MIN($B$2:$B$148))/(MAX($B$2:$B$148)-MIN($B$2:$B$148)) -> 0.66666667 | H6: =(C6-MIN($C$2:C$148))/(MAX($C$2:$C$148)-MIN($C$2:$C$148)) -> 0.06779661 | I6: =(D6-MIN($D$2:D$148))/(MAX($D$2:$D$148)-MIN($D$2:$D$148)) -> 0.041666667
A7: 5.4 | B7: 3.9 | C7: 1.7 | D7: 0.4 | E7: setosa | F7: =(A7-MIN($A$2:$A$148))/(MAX($A$2:$A$148)-MIN($A$2:$A$148)) -> 0.30555556 | G7: =(B7-MIN($B$2:$B$148))/(MAX($B$2:$B$148)-MIN($B$2:$B$148)) -> 0.79166667 | H7: =(C7-MIN($C$2:C$148))/(MAX($C$2:$C$148)-MIN($C$2:$C$148)) -> 0.11864407 | I7: =(D7-MIN($D$2:D$148))/(MAX($D$2:$D$148)-MIN($D$2:$D$148)) -> 0.125
A8: 4.6 | B8: 3.4 | C8: 1.4 | D8: 0.3 | E8: setosa | F8: =(A8-MIN($A$2:$A$148))/(MAX($A$2:$A$148)-MIN($A$2:$A$148)) -> 0.083333333 | G8: =(B8-MIN($B$2:$B$148))/(MAX($B$2:$B$148)-MIN($B$2:$B$148)) -> 0.58333333 | H8: =(C8-MIN($C$2:C$148))/(MAX($C$2:$C$148)-MIN($C$2:$C$148)) -> 0.06779661 | I8: =(D8-MIN($D$2:D$148))/(MAX($D$2:$D$148)-MIN($D$2:$D$148)) -> 0.083333333
A9: 5 | B9: 3.4 | C9: 1.5 | D9: 0.2 | E9: setosa | F9: =(A9-MIN($A$2:$A$148))/(MAX($A$2:$A$148)-MIN($A$2:$A$148)) -> 0.19444444 | G9: =(B9-MIN($B$2:$B$148))/(MAX($B$2:$B$148)-MIN($B$2:$B$148)) -> 0.58333333 | H9: =(C9-MIN($C$2:C$148))/(MAX($C$2:$C$148)-MIN($C$2:$C$148)) -> 0.084745763 | I9: =(D9-MIN($D$2:D$148))/(MAX($D$2:$D$148)-MIN($D$2:$D$148)) -> 0.041666667
A10: 4.4 | B10: 2.9 | C10: 1.4 | D10: 0.2 | E10: setosa | F10: =(A10-MIN($A$2:$A$148))/(MAX($A$2:$A$148)-MIN($A$2:$A$148)) -> 0.027777778 | G10: =(B10-MIN($B$2:$B$148))/(MAX($B$2:$B$148)-MIN($B$2:$B$148)) -> 0.375 | H10: =(C10-MIN($C$2:C$148))/(MAX($C$2:$C$148)-MIN($C$2:$C$148)) -> 0.06779661 | I10: =(D10-MIN($D$2:D$148))/(MAX($D$2:$D$148)-MIN($D$2:$D$148)) -> 0.041666667
A11: 4.9 | B11: 3.1 | C11: 1.5 | D11: 0.1 | E11: setosa | F11: =(A11-MIN($A$2:$A$148))/(MAX($A$2:$A$148)-MIN($A$2:$A$148)) -> 0.16666667 | G11: =(B11-MIN($B$2:$B$148))/(MAX($B$2:$B$148)-MIN($B$2:$B$148)) -> 0.45833333 | H11: =(C11-MIN($C$2:C$148))/(MAX($C$2:$C$148)-MIN($C$2:$C$148)) -> 0.084745763 | I11: =(D11-MIN($D$2:D$148))/(MAX($D$2:$D$148)-MIN($D$2:$D$148)) -> 0
A12: 5.4 | B12: 3.7 | C12: 1.5 | D12: 0.2 | E12: setosa | F12: =(A12-MIN($A$2:$A$148))/(MAX($A$2:$A$148)-MIN($A$2:$A$148)) -> 0.30555556 | G12: =(B12-MIN($B$2:$B$148))/(MAX($B$2:$B$148)-MIN($B$2:$B$148)) -> 0.70833333 | H12: =(C12-MIN($C$2:C$148))/(MAX($C$2:$C$148)-MIN($C$2:$C$148)) -> 0.084745763 | I12: =(D12-MIN($D$2:D$148))/(MAX($D$2:$D$148)-MIN($D$2:$D$148)) -> 0.041666667
A13: 4.8 | B13: 3.4 | C13: 1.6 | D13: 0.2 | E13: setosa | F13: =(A13-MIN($A$2:$A$148))/(MAX($A$2:$A$148)-MIN($A$2:$A$148)) -> 0.13888889 | G13: =(B13-MIN($B$2:$B$148))/(MAX($B$2:$B$148)-MIN($B$2:$B$148)) -> 0.58333333 | H13: =(C13-MIN($C$2:C$148))/(MAX($C$2:$C$148)-MIN($C$2:$C$148)) -> 0.10169492 | I13: =(D13-MIN($D$2:D$148))/(MAX($D$2:$D$148)-MIN($D$2:$D$148)) -> 0.041666667
... A148: 5.9 | B148: 3 | C148: 5.1 | D148: 1.8 | E148: virginica | F148: =(A148-MIN($A$2:$A$148))/(MAX($A$2:$A$148)-MIN($A$2:$A$148)) -> 0.44444444 | G148: =(B148-MIN($B$2:$B$148))/(MAX($B$2:$B$148)-MIN($B$2:$B$148)) -> 0.41666667 | H148: =(C148-MIN($C$2:C$148))/(MAX($C$2:$C$148)-MIN($C$2:$C$148)) -> 0.69491525 | I148: =(D148-MIN($D$2:D$148))/(MAX($D$2:$D$148)-MIN($D$2:$D$148)) -> 0.70833333

Sheet churn-bigml-80
A1: State | B1: Account length | C1: Area code | D1: International plan | E1: Voice mail plan | F1: Number vmail messages | G1: Total day minutes | H1: Total day calls | I1: Total day charge | J1: Total eve minutes | K1: Total eve calls | L1: Total eve charge | M1: Total night minutes | N1: Total night calls | O1: Total night charge | P1: Total intl minutes | Q1: Total intl calls | R1: Total intl charge | S1: Customer service calls | T1: Churn
A2: KS | B2: 128 | C2: 415 | D2: No | E2: Yes | F2: 25 | G2: 265.1 | H2: 110 | I2: 45.07 | J2: 197.4 | K2: 99 | L2: 16.78 | M2: 244.7 | N2: 91 | O2: 11.01 | P2: 10 | Q2: 3 | R2: 2.7 | S2: 1 | T2: FALSE
A3: OH | B3: 107 | C3: 415 | D3: No | E3: Yes | F3: 26 | G3: 161.6 | H3: 123 | I3: 27.47 | J3: 195.5 | K3: 103 | L3: 16.62 | M3: 254.4 | N3: 103 | O3: 11.45 | P3: 13.7 | Q3: 3 | R3: 3.7 | S3: 1 | T3: FALSE
A4: NJ | B4: 137 | C4: 415 | D4: No | E4: No | F4: 0 | G4: 243.4 | H4: 114 | I4: 41.38 | J4: 121.2 | K4: 110 | L4: 10.3 | M4: 162.6 | N4: 104 | O4: 7.32 | P4: 12.2 | Q4: 5 | R4: 3.29 | S4: 0 | T4: FALSE
A5: OH | B5: 84 | C5: 408 | D5: Yes | E5: No | F5: 0 | G5: 299.4 | H5: 71 | I5: 50.9 | J5: 61.9 | K5: 88 | L5: 5.26 | M5: 196.9 | N5: 89 | O5: 8.86 | P5: 6.6 | Q5: 7 | R5: 1.78 | S5: 2 | T5: FALSE
A6: OK | B6: 75 | C6: 415 | D6: Yes | E6: No | F6: 0 | G6: 166.7 | H6: 113 | I6: 28.34 | J6: 148.3 | K6: 122 | L6: 12.61 | M6: 186.9 | N6: 121 | O6: 8.41 | P6: 10.1 | Q6: 3 | R6: 2.73 | S6: 3 | T6: FALSE
A7: AL | B7: 118 | C7: 510 | D7: Yes | E7: No | F7: 0 | G7: 223.4 | H7: 98 | I7: 37.98 | J7: 220.6 | K7: 101 | L7: 18.75 | M7: 203.9 | N7: 118 | O7: 9.18 | P7: 6.3 | Q7: 6 | R7: 1.7 | S7: 0 | T7: FALSE
A8: MA | B8: 121 | C8: 510 | D8: No | E8: Yes | F8: 24 | G8: 218.2 | H8: 88 | I8: 37.09 | J8: 348.5 | K8: 108 | L8: 29.62 | M8: 212.6 | N8: 118 | O8: 9.57 | P8: 7.5 | Q8: 7 | R8: 2.03 | S8: 3 | T8: FALSE
A9: MO | B9: 147 | C9: 415 | D9: Yes | E9: No | F9: 0 | G9: 157 | H9: 79 | I9: 26.69 | J9: 103.1 | K9: 94 | L9: 8.76 | M9: 211.8 | N9: 96 | O9: 9.53 | P9: 7.1 | Q9: 6 | R9: 1.92 | S9: 0 | T9: FALSE
A10: WV | B10: 141 | C10: 415 | D10: Yes | E10: Yes | F10: 37 | G10: 258.6 | H10: 84 | I10: 43.96 | J10: 222 | K10: 111 | L10: 18.87 | M10: 326.4 | N10: 97 | O10: 14.69 | P10: 11.2 | Q10: 5 | R10: 3.02 | S10: 0 | T10: FALSE
A11: RI | B11: 74 | C11: 415 | D11: No | E11: No | F11: 0 | G11: 187.7 | H11: 127 | I11: 31.91 | J11: 163.4 | K11: 148 | L11: 13.89 | M11: 196 | N11: 94 | O11: 8.82 | P11: 9.1 | Q11: 5 | R11: 2.46 | S11: 0 | T11: FALSE
A12: IA | B12: 168 | C12: 408 | D12: No | E12: No | F12: 0 | G12: 128.8 | H12: 96 | I12: 21.9 | J12: 104.9 | K12: 71 | L12: 8.92 | M12: 141.1 | N12: 128 | O12: 6.35 | P12: 11.2 | Q12: 2 | R12: 3.02 | S12: 1 | T12: FALSE
A13: MT | B13: 95 | C13: 510 | D13: No | E13: No | F13: 0 | G13: 156.6 | H13: 88 | I13: 26.62 | J13: 247.6 | K13: 75 | L13: 21.05 | M13: 192.3 | N13: 115 | O13: 8.65 | P13: 12.3 | Q13: 5 | R13: 3.32 | S13: 3 | T13: FALSE
... A2667: TN | B2667: 74 | C2667: 415 | D2667: No | E2667: Yes | F2667: 25 | G2667: 234.4 | H2667: 113 | I2667: 39.85 | J2667: 265.9 | K2667: 82 | L2667: 22.6 | M2667: 241.4 | N2667: 77 | O2667: 10.86 | P2667: 13.7 | Q2667: 4 | R2667: 3.7 | S2667: 0 | T2667: FALSE

Sheet Churn Summary Stats
A2: Column | B2: MINIMUM | C2: MAXIMUM | D2: AVERAGE | E2: STDEV
A3: Account length | B3: =MIN('churn-bigml-80'!B2:B2667) -> 1 | C3: =MAX('churn-bigml-80'!B2:B2667) -> 243 | D3: =AVERAGE('churn-bigml-80'!B2:B2667) -> 100.62041 | E3: =_xlfn.STDEV.S('churn-bigml-80'!B2:B2667) -> 39.563974 | F3: =IF(C3>D3+(3*E3),"OUTLIER", "OK") -> OUTLIER
A4: Number vmail messages | B4: =MIN('churn-bigml-80'!F2:F2667) -> 0 | C4: =MAX('churn-bigml-80'!F2:F2667) -> 50 | D4: =AVERAGE('churn-bigml-80'!F2:F2667) -> 8.0217554 | E4: =_xlfn.STDEV.S('churn-bigml-80'!F2:F2667) -> 13.612277 | F4: =IF(C4>D4+(3*E4),"OUTLIER", "OK") -> OUTLIER
A5: Total day minutes | B5: =MIN('churn-bigml-80'!G2:G2667) -> 0 | C5: =MAX('churn-bigml-80'!G2:G2667) -> 350.8 | D5: =AVERAGE('churn-bigml-80'!G2:G2667) -> 179.48162 | E5: =_xlfn.STDEV.S('churn-bigml-80'!G2:G2667) -> 54.21035 | F5: =IF(C5>D5+(3*E5),"OUTLIER", "OK") -> OUTLIER
A6: Total day calls | B6: =MIN('churn-bigml-80'!H2:H2667) -> 0 | C6: =MAX('churn-bigml-80'!H2:H2667) -> 160 | D6: =AVERAGE('churn-bigml-80'!H2:H2667) -> 100.3102 | E6: =_xlfn.STDEV.S('churn-bigml-80'!H2:H2667) -> 19.988162 | F6: =IF(C6>D6+(3*E6),"OUTLIER", "OK") -> OK
A7: Total day charge | B7: =MIN('churn-bigml-80'!I2:I2667) -> 0 | C7: =MAX('churn-bigml-80'!J2:J2667) -> 363.7 | D7: =AVERAGE('churn-bigml-80'!I2:I2667) -> 30.512404 | E7: =_xlfn.STDEV.S('churn-bigml-80'!I2:I2667) -> 9.2157329 | F7: =IF(C7>D7+(3*E7),"OUTLIER", "OK") -> OUTLIER
A8: Total eve minutes | B8: =MIN('churn-bigml-80'!J2:J2667) -> 0 | C8: =MAX('churn-bigml-80'!J2:J2667) -> 363.7 | D8: =AVERAGE('churn-bigml-80'!J2:J2667) -> 200.38616 | E8: =_xlfn.STDEV.S('churn-bigml-80'!J2:J2667) -> 50.951515 | F8: =IF(C8>D8+(3*E8),"OUTLIER", "OK") -> OUTLIER
A9: Total eve calls | B9: =MIN('churn-bigml-80'!K2:K2667) -> 0 | C9: =MAX('churn-bigml-80'!K2:K2667) -> 170 | D9: =AVERAGE('churn-bigml-80'!K2:K2667) -> 100.02363 | E9: =_xlfn.STDEV.S('churn-bigml-80'!K2:K2667) -> 20.161445 | F9: =IF(C9>D9+(3*E9),"OUTLIER", "OK") -> OUTLIER
A10: Total eve charge | B10: =MIN('churn-bigml-80'!L2:L2667) -> 0 | C10: =MAX('churn-bigml-80'!L2:L2667) -> 30.91 | D10: =AVERAGE('churn-bigml-80'!L2:L2667) -> 17.033072 | E10: =_xlfn.STDEV.S('churn-bigml-80'!L2:L2667) -> 4.3308642 | F10: =IF(C10>D10+(3*E10),"OUTLIER", "OK") -> OUTLIER
A11: Total night minutes | B11: =MIN('churn-bigml-80'!M2:M2667) -> 43.7 | C11: =MAX('churn-bigml-80'!M2:M2667) -> 395 | D11: =AVERAGE('churn-bigml-80'!M2:M2667) -> 201.16894 | E11: =_xlfn.STDEV.S('churn-bigml-80'!M2:M2667) -> 50.780323 | F11: =IF(C11>D11+(3*E11),"OUTLIER", "OK") -> OUTLIER
A12: Total night calls | B12: =MIN('churn-bigml-80'!N2:N2667) -> 33 | C12: =MAX('churn-bigml-80'!N2:N2667) -> 166 | D12: =AVERAGE('churn-bigml-80'!N2:N2667) -> 100.10615 | E12: =_xlfn.STDEV.S('churn-bigml-80'!N2:N2667) -> 19.418459 | F12: =IF(C12>D12+(3*E12),"OUTLIER", "OK") -> OUTLIER
A13: Total night charge | B13: =MIN('churn-bigml-80'!O2:O2667) -> 1.97 | C13: =MAX('churn-bigml-80'!O2:O2667) -> 17.77 | D13: =AVERAGE('churn-bigml-80'!O2:O2667) -> 9.0526894 | E13: =_xlfn.STDEV.S('churn-bigml-80'!O2:O2667) -> 2.2851195 | F13: =IF(C13>D13+(3*E13),"OUTLIER", "OK") -> OUTLIER
A14: Total intl minutes | B14: =MIN('churn-bigml-80'!P2:P2667) -> 0 | C14: =MAX('churn-bigml-80'!P2:P2667) -> 20 | D14: =AVERAGE('churn-bigml-80'!P2:P2667) -> 10.237022 | E14: =_xlfn.STDEV.S('churn-bigml-80'!P2:P2662) -> 2.7889535 | F14: =IF(C14>D14+(3*E14),"OUTLIER", "OK") -> OUTLIER
A15: Total intl calls | B15: =MIN('churn-bigml-80'!Q2:Q2667) -> 0 | C15: =MAX('churn-bigml-80'!Q2:Q2667) -> 20 | D15: =AVERAGE('churn-bigml-80'!Q2:Q2667) -> 4.4673668 | E15: =_xlfn.STDEV.S('churn-bigml-80'!Q2:Q2667) -> 2.4561949 | F15: =IF(C15>D15+(3*E15),"OUTLIER", "OK") -> OUTLIER
A16: Total intl charge | B16: =MIN('churn-bigml-80'!R2:R2667) -> 0 | C16: =MAX('churn-bigml-80'!R2:R2667) -> 5.4 | D16: =AVERAGE('churn-bigml-80'!R2:R2667) -> 2.7644899 | E16: =_xlfn.STDEV.S('churn-bigml-80'!R2:R2667) -> 0.75281205 | F16: =IF(C16>D16+(3*E16),"OUTLIER", "OK") -> OUTLIER
A17: Customer service calls | B17: =MIN('churn-bigml-80'!S2:S2667) -> 0 | C17: =MAX('churn-bigml-80'!S2:S2667) -> 9 | D17: =AVERAGE('churn-bigml-80'!S2:S2667) -> 1.5626407 | E17: =_xlfn.STDEV.S('churn-bigml-80'!S2:S2667) -> 1.3112358 | F17: =IF(C17>D17+(3*E17),"OUTLIER", "OK") -> OUTLIER

Sheet EDA Summary.
C1: EDA STATISTICAL SUMMARY
B2: Sepal_length | C2: Sepal_width | D2: Petal_length | E2: Petal_width
A3: Mean | B3: =AVERAGE('1) iris'!A2:A148) -> 5.8564626 | C3: =AVERAGE('1) iris'!B2:B148) -> 3.0557823 | D3: =AVERAGE('1) iris'!C2:C148) -> 3.7802721 | E3: =AVERAGE('1) iris'!D2:D148) -> 1.2088435
A4: Median | B4: =MEDIAN('1) iris'!A2:A148) -> 5.8 | C4: =MEDIAN('1) iris'!B2:B148) -> 3 | D4: =MEDIAN('1) iris'!C2:C148) -> 4.4 | E4: =MEDIAN('1) iris'!D2:D148) -> 1.3
A5: Mode | B5: =_xlfn.MODE.SNGL('1) iris'!A2:A148) -> 5 | C5: =_xlfn.MODE.SNGL('1) iris'!B2:B148) -> 3 | D5: =_xlfn.MODE.SNGL('1) iris'!C2:C148) -> 1.4 | E5: =_xlfn.MODE.SNGL('1) iris'!D2:D148) -> 0.2
A6: Std Dev | B6: =_xlfn.STDEV.S('1) iris'!A2:A148) -> 0.82909986 | C6: =_xlfn.STDEV.S('1) iris'!B2:B148) -> 0.43700871 | D6: =_xlfn.STDEV.S('1) iris'!C2:C148) -> 1.7591109 | E6: =_xlfn.STDEV.S('1) iris'!D2:D148) -> 0.75787421
A7: Min | B7: =MIN('1) iris'!A2:A148) -> 4.3 | C7: =MIN('1) iris'!B2:B148) -> 2 | D7: =MIN('1) iris'!C2:C148) -> 1 | E7: =MIN('1) iris'!D2:D148) -> 0.1
A8: Max | B8: =MAX('1) iris'!A2:A148) -> 7.9 | C8: =MAX('1) iris'!B2:B148) -> 4.4 | D8: =MAX('1) iris'!C2:C148) -> 6.9 | E8: =MAX('1) iris'!D2:D148) -> 2.5
C11: CORRELATION ANALYSIS
A12: Relationship | D12: Values
A13: Sepal-length vs Petal_length | D13: =CORREL(_1__iris[sepal_length],_1__iris[petal_length]) -> 0.87130456
A14: Sepal-width vs Petal_width | D14: =CORREL(_1__iris[sepal_width],_1__iris[petal_width]) -> -0.35637616
A15: Sepal-length vs Petal_width | D15: =CORREL(_1__iris[sepal_length],_1__iris[petal_width]) -> 0.8170583
A16: Sepal-width vs Petal_length | D16: =CORREL(_1__iris[sepal_width],_1__iris[petal_length]) -> -0.42105739

Sheet Charts
